{"677a0d7a-b2dd-8027-8002-e19caab84d28":{"name":"Dark - Background","color":"#000000","opacity":1,"path":"Dark"},"677a0d7a-b2dd-8027-8002-e19b4ddd0925":{"name":"Light - Neutral 4 (DE, 222)","color":"#dedede","opacity":1,"path":"Light"},"677a0d7a-b2dd-8027-8002-e19b39dfe0de":{"name":"Light - Neutral 5 (BB, 187)","color":"#bbbbbb","opacity":1,"path":"Light"},"677a0d7a-b2dd-8027-8002-e19a986484de":{"name":"Light - Background","color":"#ffffff","opacity":1,"path":"Light"},"677a0d7a-b2dd-8027-8002-e19d67a591da":{"name":"Dark - Neutral 5 (78, 120)","color":"#787878","opacity":1,"path":"Dark"},"677a0d7a-b2dd-8027-8002-e19d351ac329":{"name":"Dark - Neutral 3 (44, 64)","color":"#444444","opacity":1,"path":"Dark"},"677a0d7a-b2dd-8027-8002-e19a0c024050":{"name":"Light - Green","color":"#27AE60","opacity":1,"path":"Light"},"677a0d7a-b2dd-8027-8002-e19b75364c9e":{"name":"Light - Neutral 2 (F4, 244)","color":"#f4f4f4","opacity":1,"path":"Light"},"677a0d7a-b2dd-8027-8002-e19c87bad22e":{"name":"Dark - Purple","color":"#C075DC","opacity":1,"path":"Dark"},"677a0d7a-b2dd-8027-8002-e19df82787e2":{"name":"Fixed White","color":"#ffffff","opacity":1,"path":"Other"},"677a0d7a-b2dd-8027-8002-e19c67366975":{"name":"Dark - Green","color":"#36B46B","opacity":1,"path":"Dark"},"677a0d7a-b2dd-8027-8002-e19d8756ae3f":{"name":"Dark - Neutral 7 (B0, 176)","color":"#b0b0b0","opacity":1,"path":"Dark"},"677a0d7a-b2dd-8027-8002-e19dcf31181e":{"name":"Modal Opacity","color":"#000000","opacity":0.2,"path":"Other"},"677a0d7a-b2dd-8027-8002-e19d9e0a2e36":{"name":"Dark - Neutral 8 (CC, 204)","color":"#cccccc","opacity":1,"path":"Dark"},"677a0d7a-b2dd-8027-8002-e19adae47e54":{"name":"Light - Neutral 8 (40, 64)","color":"#404040","opacity":1,"path":"Light"},"677a0d7a-b2dd-8027-8002-e19d1b4cfc63":{"name":"Dark - Neutral 2 (2D, 45)","color":"#2d2d2d","opacity":1,"path":"Dark"},"677a0d7a-b2dd-8027-8002-e19d56052585":{"name":"Dark - Neutral 4 (5C, 92)","color":"#5c5c5c","opacity":1,"path":"Dark"},"677a0d7a-b2dd-8027-8002-e19c29ebda48":{"name":"Dark - Red","color":"#EC6363","opacity":1,"path":"Dark"},"677a0d7a-b2dd-8027-8002-e19c2e826eac":{"name":"Dark - Orange","color":"#F89B2A","opacity":1,"path":"Dark"},"cf9ac1d0-4762-80b6-8002-e2a3956b3579":{"name":"Dark - Foreground","color":"#ffffff","opacity":1,"path":"Dark"},"677a0d7a-b2dd-8027-8002-e19c78d5030b":{"name":"Dark - Blue","color":"#3CA3DE","opacity":1,"path":"Dark"},"677a0d7a-b2dd-8027-8002-e19a3016127a":{"name":"Light - Purple","color":"#BB6BD9","opacity":1,"path":"Light"},"677a0d7a-b2dd-8027-8002-e19decc5b955":{"name":"Fixed Black","color":"#000000","opacity":1,"path":"Other"},"677a0d7a-b2dd-8027-8002-e199c79e9279":{"name":"Light - Orange","color":"#F7931A","opacity":1,"path":"Light"},"677a0d7a-b2dd-8027-8002-e19af7ed6c5f":{"name":"Light - Neutral 7 (77, 119)","color":"#777777","opacity":1,"path":"Light"},"677a0d7a-b2dd-8027-8002-e19b5fe707ff":{"name":"Light - Neutral 3 (ED, 237)","color":"#ededed","opacity":1,"path":"Light"},"677a0d7a-b2dd-8027-8002-e19b1bac3963":{"name":"Light - Neutral 6 (99, 153)","color":"#999999","opacity":1,"path":"Light"},"677a0d7a-b2dd-8027-8002-e19a29e8e83b":{"name":"Light - Foreground","color":"#000000","opacity":1,"path":"Light"},"677a0d7a-b2dd-8027-8002-e19a1d1e20f7":{"name":"Light - Blue","color":"#2D9CDB","opacity":1,"path":"Light"},"677a0d7a-b2dd-8027-8002-e19cc4f95014":{"name":"Dark - Neutral 1 (1A, 26)","color":"#1a1a1a","opacity":1,"path":"Dark"},"677a0d7a-b2dd-8027-8002-e199c9b91ecf":{"name":"Light - Red","color":"#EB5757","opacity":1,"path":"Light"},"677a0d7a-b2dd-8027-8002-e19b87d48eb9":{"name":"Light - Neutral 1 (F8, 248)","color":"#f8f8f8","opacity":1,"path":"Light"},"677a0d7a-b2dd-8027-8002-e19d79ed16f9":{"name":"Dark - Neutral 6 (94, 148)","color":"#949494","opacity":1,"path":"Dark"}}