{"677a0d7a-b2dd-8027-8002-e19e774b8972":{"textTransform":"none","fontFamily":"Inter","fontStyle":"normal","fontWeight":"600","lineHeight":"1.2","path":"","letterSpacing":"0","name":"Annotation Title 1","fontVariantId":"600","fontSize":"36","fontId":"gfont-inter"},"cf9ac1d0-4762-80b6-8002-e2b7fcdb6f83":{"textTransform":"none","fontFamily":"Inter","fontStyle":"normal","fontWeight":"400","lineHeight":"1.4","path":"Body","letterSpacing":"0","name":"Body 3 (18) Numbers","fontVariantId":"regular","fontSize":"18","fontId":"gfont-inter"},"cf9ac1d0-4762-80b6-8002-e2b7d4da4fd5":{"textTransform":"none","fontFamily":"Inter","fontStyle":"normal","fontWeight":"400","lineHeight":"1.4","path":"Body","letterSpacing":"0","name":"Body 3 (18)","fontVariantId":"regular","fontSize":"18","fontId":"gfont-inter"},"cf9ac1d0-4762-80b6-8002-e2b82f2a79fe":{"textTransform":"none","fontFamily":"Inter","fontStyle":"normal","fontWeight":"400","lineHeight":"1.4","path":"Body","letterSpacing":"0","name":"Body 5 (13)","fontVariantId":"regular","fontSize":"13","fontId":"gfont-inter"},"cf9ac1d0-4762-80b6-8002-e2b7ad1d948d":{"textTransform":"none","fontFamily":"Inter","fontStyle":"normal","fontWeight":"400","lineHeight":"1.4","path":"Body","letterSpacing":"0","name":"Body 2 (21)","fontVariantId":"regular","fontSize":"21","fontId":"gfont-inter"},"cf9ac1d0-4762-80b6-8002-e2b6102eb5d0":{"textTransform":"none","fontFamily":"Inter","fontStyle":"normal","fontWeight":"600","lineHeight":"1.4","path":"Title","letterSpacing":"0","name":"Title 5 (18)","fontVariantId":"600","fontSize":"18","fontId":"gfont-inter"},"cf9ac1d0-4762-80b6-8002-e2b81105f8a0":{"textTransform":"none","fontFamily":"Inter","fontStyle":"normal","fontWeight":"400","lineHeight":"1.4","path":"Body","letterSpacing":"0","name":"Body 4 (15)","fontVariantId":"regular","fontSize":"15","fontId":"gfont-inter"},"677a0d7a-b2dd-8027-8002-e19e0f7b5141":{"textTransform":"none","fontFamily":"Inter","fontStyle":"normal","fontWeight":"600","lineHeight":"1.2","path":"","letterSpacing":"0","name":"Annotation Title 2","fontVariantId":"600","fontSize":"24","fontId":"gfont-inter"},"cf9ac1d0-4762-80b6-8002-e2b4dcd514a2":{"textTransform":"none","fontFamily":"Inter","fontStyle":"normal","fontWeight":"600","lineHeight":"1.4","path":"Title","letterSpacing":"0","name":"Title 1 (36)","fontVariantId":"600","fontSize":"36","fontId":"gfont-inter"},"677a0d7a-b2dd-8027-8002-e1af3268e3fa":{"textTransform":"none","fontFamily":"Inter","fontStyle":"normal","fontWeight":"600","lineHeight":"1.4","path":"Title","letterSpacing":"0","name":"Title 2 (28)","fontVariantId":"600","fontSize":"28","fontId":"gfont-inter"},"cf9ac1d0-4762-80b6-8002-e2b5b1403537":{"textTransform":"none","fontFamily":"Inter","fontStyle":"normal","fontWeight":"600","lineHeight":"1.4","path":"Title","letterSpacing":"0","name":"Title 3 (24)","fontVariantId":"600","fontSize":"24","fontId":"gfont-inter"},"cf9ac1d0-4762-80b6-8002-e2b77a05ca04":{"textTransform":"none","fontFamily":"Inter","fontStyle":"normal","fontWeight":"400","lineHeight":"1.4","path":"Body","letterSpacing":"0","name":"Body 1 (24)","fontVariantId":"regular","fontSize":"24","fontId":"gfont-inter"},"cf9ac1d0-4762-80b6-8002-e2b5f33e04fd":{"textTransform":"none","fontFamily":"Inter","fontStyle":"normal","fontWeight":"600","lineHeight":"1.4","path":"Title","letterSpacing":"0","name":"Title 4 (21)","fontVariantId":"600","fontSize":"21","fontId":"gfont-inter"},"cf9ac1d0-4762-80b6-8002-e2b81d48bf49":{"textTransform":"none","fontFamily":"Inter","fontStyle":"normal","fontWeight":"400","lineHeight":"1.4","path":"Body","letterSpacing":"0","name":"Body 4 (15) Numbers","fontVariantId":"regular","fontSize":"15","fontId":"gfont-inter"},"677a0d7a-b2dd-8027-8002-e19e9806dde9":{"textTransform":"none","fontFamily":"Inter","fontStyle":"normal","fontWeight":"400","lineHeight":"1.4","path":"","letterSpacing":"0","name":"Annotation Text","fontVariantId":"regular","fontSize":"22","fontId":"gfont-inter"},"cf9ac1d0-4762-80b6-8002-e2b652d4f5f1":{"textTransform":"none","fontFamily":"Inter","fontStyle":"normal","fontWeight":"600","lineHeight":"1.4","path":"Title","letterSpacing":"0","name":"Title 6 (12)","fontVariantId":"600","fontSize":"12","fontId":"gfont-inter"}}